Date,Anomalies_Land_Ocean_Temperature
2016-12,0.81
2016-11,0.93
2016-10,0.89
2016-09,0.87
2016-08,0.98
2016-07,0.83
2016-06,0.76
2016-05,0.93
2016-04,1.09
2016-03,1.3
2016-02,1.35
2016-01,1.17
2015-12,1.11
2015-11,1.04
2015-10,1.06
2015-09,0.81
2015-08,0.78
2015-07,0.71
2015-06,0.78
2015-05,0.78
2015-04,0.74
2015-03,0.9
2015-02,0.86
2015-01,0.81
2014-12,0.79
2014-11,0.67
2014-10,0.85
2014-09,0.9
2014-08,0.82
2014-07,0.57
2014-06,0.66
2014-05,0.87
2014-04,0.78
2014-03,0.77
2014-02,0.51
2014-01,0.73
2013-12,0.67
2013-11,0.81
2013-10,0.69
2013-09,0.78
2013-08,0.66
2013-07,0.59
2013-06,0.65
2013-05,0.61
2013-04,0.52
2013-03,0.66
2013-02,0.55
2013-01,0.68
2012-12,0.53
2012-11,0.75
2012-10,0.78
2012-09,0.76
2012-08,0.63
2012-07,0.57
2012-06,0.62
2012-05,0.76
2012-04,0.69
2012-03,0.58
2012-02,0.49
2012-01,0.46
2011-12,0.54
2011-11,0.56
2011-10,0.66
2011-09,0.56
2011-08,0.73
2011-07,0.73
2011-06,0.59
2011-05,0.53
2011-04,0.65
2011-03,0.64
2011-02,0.53
2011-01,0.51
2010-12,0.49
2010-11,0.79
2010-10,0.71
2010-09,0.61
2010-08,0.65
2010-07,0.62
2010-06,0.64
2010-05,0.75
2010-04,0.87
2010-03,0.92
2010-02,0.78
2010-01,0.73
2009-12,0.65
2009-11,0.77
2009-10,0.64
2009-09,0.7
2009-08,0.66
2009-07,0.72
2009-06,0.65
2009-05,0.65
2009-04,0.61
2009-03,0.53
2009-02,0.53
2009-01,0.62
2008-12,0.54
2008-11,0.66
2008-10,0.67
2008-09,0.65
2008-08,0.44
2008-07,0.6
2008-06,0.48
2008-05,0.51
2008-04,0.53
2008-03,0.73
2008-02,0.36
2008-01,0.24
2007-12,0.5
2007-11,0.57
2007-10,0.6
2007-09,0.64
2007-08,0.6
2007-07,0.62
2007-06,0.58
2007-05,0.67
2007-04,0.76
2007-03,0.7
2007-02,0.7
2007-01,0.96
2006-12,0.77
2006-11,0.72
2006-10,0.69
2006-09,0.64
2006-08,0.72
2006-07,0.54
2006-06,0.64
2006-05,0.47
2006-04,0.5
2006-03,0.63
2006-02,0.7
2006-01,0.57
2005-12,0.68
2005-11,0.76
2005-10,0.8
2005-09,0.78
2005-08,0.63
2005-07,0.66
2005-06,0.67
2005-05,0.65
2005-04,0.69
2005-03,0.69
2005-02,0.58
2005-01,0.72
2004-12,0.52
2004-11,0.72
2004-10,0.66
2004-09,0.53
2004-08,0.45
2004-07,0.26
2004-06,0.43
2004-05,0.42
2004-04,0.62
2004-03,0.64
2004-02,0.71
2004-01,0.59
2003-12,0.75
2003-11,0.55
2003-10,0.75
2003-09,0.66
2003-08,0.66
2003-07,0.55
2003-06,0.49
2003-05,0.62
2003-04,0.55
2003-03,0.57
2003-02,0.55
2003-01,0.73
2002-12,0.43
2002-11,0.59
2002-10,0.57
2002-09,0.65
2002-08,0.55
2002-07,0.62
2002-06,0.54
2002-05,0.65
2002-04,0.58
2002-03,0.91
2002-02,0.76
2002-01,0.75
2001-12,0.55
2001-11,0.7
2001-10,0.52
2001-09,0.56
2001-08,0.49
2001-07,0.61
2001-06,0.55
2001-05,0.59
2001-04,0.52
2001-03,0.58
2001-02,0.46
2001-01,0.44
2000-12,0.3
2000-11,0.34
2000-10,0.3
2000-09,0.42
2000-08,0.43
2000-07,0.42
2000-06,0.44
2000-05,0.4
2000-04,0.59
2000-03,0.6
2000-02,0.58
2000-01,0.26
1999-12,0.46
1999-11,0.42
1999-10,0.43
1999-09,0.43
1999-08,0.34
1999-07,0.41
1999-06,0.37
1999-05,0.33
1999-04,0.34
1999-03,0.34
1999-02,0.66
1999-01,0.48
1998-12,0.56
1998-11,0.5
1998-10,0.47
1998-09,0.45
1998-08,0.68
1998-07,0.71
1998-06,0.78
1998-05,0.71
1998-04,0.64
1998-03,0.63
1998-02,0.9
1998-01,0.61
1997-12,0.6
1997-11,0.66
1997-10,0.64
1997-09,0.56
1997-08,0.43
1997-07,0.35
1997-06,0.55
1997-05,0.39
1997-04,0.38
1997-03,0.52
1997-02,0.37
1997-01,0.33
1996-12,0.41
1996-11,0.42
1996-10,0.2
1996-09,0.27
1996-08,0.49
1996-07,0.37
1996-06,0.27
1996-05,0.3
1996-04,0.38
1996-03,0.34
1996-02,0.5
1996-01,0.27
1995-12,0.3
1995-11,0.45
1995-10,0.49
1995-09,0.34
1995-08,0.48
1995-07,0.49
1995-06,0.45
1995-05,0.29
1995-04,0.47
1995-03,0.45
1995-02,0.77
1995-01,0.5
1994-12,0.36
1994-11,0.46
1994-10,0.42
1994-09,0.32
1994-08,0.23
1994-07,0.32
1994-06,0.42
1994-05,0.29
1994-04,0.41
1994-03,0.26
1994-02,0.04
1994-01,0.3
1993-12,0.19
1993-11,0.07
1993-10,0.24
1993-09,0.11
1993-08,0.13
1993-07,0.28
1993-06,0.24
1993-05,0.26
1993-04,0.28
1993-03,0.36
1993-02,0.39
1993-01,0.37
1992-12,0.22
1992-11,0.04
1992-10,0.11
1992-09,0.01
1992-08,0.1
1992-07,0.13
1992-06,0.24
1992-05,0.32
1992-04,0.24
1992-03,0.47
1992-02,0.42
1992-01,0.45
1991-12,0.33
1991-11,0.31
1991-10,0.32
1991-09,0.5
1991-08,0.42
1991-07,0.51
1991-06,0.54
1991-05,0.39
1991-04,0.53
1991-03,0.36
1991-02,0.51
1991-01,0.42
1990-12,0.42
1990-11,0.46
1990-10,0.43
1990-09,0.3
1990-08,0.3
1990-07,0.44
1990-06,0.38
1990-05,0.46
1990-04,0.55
1990-03,0.76
1990-02,0.41
1990-01,0.41
1989-12,0.37
1989-11,0.21
1989-10,0.32
1989-09,0.37
1989-08,0.36
1989-07,0.34
1989-06,0.15
1989-05,0.17
1989-04,0.33
1989-03,0.36
1989-02,0.35
1989-01,0.16
1988-12,0.34
1988-11,0.13
1988-10,0.4
1988-09,0.42
1988-08,0.46
1988-07,0.35
1988-06,0.42
1988-05,0.44
1988-04,0.45
1988-03,0.49
1988-02,0.42
1988-01,0.57
1987-12,0.47
1987-11,0.25
1987-10,0.32
1987-09,0.39
1987-08,0.28
1987-07,0.46
1987-06,0.36
1987-05,0.26
1987-04,0.24
1987-03,0.17
1987-02,0.46
1987-01,0.36
1986-12,0.16
1986-11,0.11
1986-10,0.14
1986-09,0.02
1986-08,0.12
1986-07,0.13
1986-06,0.12
1986-05,0.26
1986-04,0.26
1986-03,0.29
1986-02,0.39
1986-01,0.3
1985-12,0.15
1985-11,0.09
1985-10,0.11
1985-09,0.14
1985-08,0.15
1985-07,0.0
1985-06,0.17
1985-05,0.17
1985-04,0.11
1985-03,0.17
1985-02,-0.06
1985-01,0.21
1984-12,-0.06
1984-11,0.04
1984-10,0.15
1984-09,0.2
1984-08,0.15
1984-07,0.16
1984-06,0.04
1984-05,0.33
1984-04,0.08
1984-03,0.29
1984-02,0.17
1984-01,0.3
1983-12,0.17
1983-11,0.3
1983-10,0.15
1983-09,0.38
1983-08,0.3
1983-07,0.15
1983-06,0.18
1983-05,0.35
1983-04,0.3
1983-03,0.42
1983-02,0.4
1983-01,0.52
1982-12,0.43
1982-11,0.14
1982-10,0.13
1982-09,0.15
1982-08,0.08
1982-07,0.13
1982-06,0.05
1982-05,0.16
1982-04,0.1
1982-03,-0.01
1982-02,0.14
1982-01,0.09
1981-12,0.4
1981-11,0.21
1981-10,0.13
1981-09,0.17
1981-08,0.35
1981-07,0.35
1981-06,0.31
1981-05,0.25
1981-04,0.32
1981-03,0.48
1981-02,0.41
1981-01,0.56
1980-12,0.21
1980-11,0.3
1980-10,0.2
1980-09,0.21
1980-08,0.24
1980-07,0.28
1980-06,0.16
1980-05,0.34
1980-04,0.32
1980-03,0.29
1980-02,0.42
1980-01,0.3
1979-12,0.47
1979-11,0.29
1979-10,0.26
1979-09,0.27
1979-08,0.14
1979-07,0.03
1979-06,0.14
1979-05,0.06
1979-04,0.13
1979-03,0.19
1979-02,-0.09
1979-01,0.14
1978-12,0.11
1978-11,0.16
1978-10,0.0
1978-09,0.05
1978-08,-0.18
1978-07,0.07
1978-06,-0.03
1978-05,0.07
1978-04,0.15
1978-03,0.21
1978-02,0.14
1978-01,0.08
1977-12,0.05
1977-11,0.2
1977-10,0.04
1977-09,0.02
1977-08,0.19
1977-07,0.23
1977-06,0.25
1977-05,0.3
1977-04,0.27
1977-03,0.25
1977-02,0.2
1977-01,0.18
1976-12,0.09
1976-11,-0.06
1976-10,-0.26
1976-09,-0.09
1976-08,-0.18
1976-07,-0.12
1976-06,-0.15
1976-05,-0.23
1976-04,-0.1
1976-03,-0.21
1976-02,-0.06
1976-01,0.0
1975-12,-0.17
1975-11,-0.16
1975-10,-0.09
1975-09,-0.03
1975-08,-0.2
1975-07,-0.03
1975-06,-0.02
1975-05,0.16
1975-04,0.06
1975-03,0.14
1975-02,0.07
1975-01,0.07
1974-12,-0.09
1974-11,-0.07
1974-10,-0.07
1974-09,-0.12
1974-08,0.12
1974-07,-0.03
1974-06,-0.05
1974-05,-0.01
1974-04,-0.1
1974-03,-0.05
1974-02,-0.28
1974-01,-0.14
1973-12,-0.06
1973-11,0.06
1973-10,0.12
1973-09,0.06
1973-08,0.02
1973-07,0.09
1973-06,0.16
1973-05,0.26
1973-04,0.25
1973-03,0.26
1973-02,0.3
1973-01,0.28
1972-12,0.18
1972-11,0.03
1972-10,0.09
1972-09,0.03
1972-08,0.18
1972-07,0.02
1972-06,0.04
1972-05,-0.03
1972-04,-0.01
1972-03,0.02
1972-02,-0.17
1972-01,-0.24
1971-12,-0.08
1971-11,-0.04
1971-10,-0.05
1971-09,-0.01
1971-08,-0.03
1971-07,-0.12
1971-06,-0.18
1971-05,-0.06
1971-04,-0.09
1971-03,-0.18
1971-02,-0.2
1971-01,-0.02
1970-12,-0.13
1970-11,0.01
1970-10,0.05
1970-09,0.11
1970-08,-0.11
1970-07,-0.04
1970-06,-0.03
1970-05,-0.05
1970-04,0.09
1970-03,0.08
1970-02,0.22
1970-01,0.09
1969-12,0.27
1969-11,0.12
1969-10,0.11
1969-09,0.1
1969-08,0.03
1969-07,-0.01
1969-06,0.05
1969-05,0.2
1969-04,0.19
1969-03,0.0
1969-02,-0.14
1969-01,-0.11
1968-12,-0.14
1968-11,-0.04
1968-10,0.12
1968-09,-0.18
1968-08,-0.11
1968-07,-0.11
1968-06,-0.06
1968-05,-0.1
1968-04,-0.05
1968-03,0.21
1968-02,-0.15
1968-01,-0.23
1967-12,-0.02
1967-11,-0.06
1967-10,0.06
1967-09,-0.04
1967-08,0.02
1967-07,0.01
1967-06,-0.08
1967-05,0.14
1967-04,-0.05
1967-03,0.03
1967-02,-0.2
1967-01,-0.06
1966-12,-0.06
1966-11,-0.02
1966-10,-0.15
1966-09,-0.01
1966-08,-0.1
1966-07,0.09
1966-06,0.02
1966-05,-0.1
1966-04,-0.13
1966-03,0.04
1966-02,0.0
1966-01,-0.16
1965-12,-0.05
1965-11,-0.06
1965-10,-0.04
1965-09,-0.15
1965-08,-0.01
1965-07,-0.12
1965-06,-0.08
1965-05,-0.14
1965-04,-0.2
1965-03,-0.11
1965-02,-0.17
1965-01,-0.09
1964-12,-0.3
1964-11,-0.21
1964-10,-0.3
1964-09,-0.28
1964-08,-0.2
1964-07,-0.07
1964-06,-0.07
1964-05,-0.25
1964-04,-0.3
1964-03,-0.22
1964-02,-0.12
1964-01,-0.06
1963-12,0.0
1963-11,0.15
1963-10,0.15
1963-09,0.2
1963-08,0.25
1963-07,0.08
1963-06,0.03
1963-05,-0.09
1963-04,-0.05
1963-03,-0.13
1963-02,0.19
1963-01,-0.03
1962-12,-0.01
1962-11,0.06
1962-10,-0.03
1962-09,-0.01
1962-08,-0.02
1962-07,-0.02
1962-06,0.06
1962-05,-0.06
1962-04,0.05
1962-03,0.12
1962-02,0.14
1962-01,0.08
1961-12,-0.15
1961-11,0.03
1961-10,0.0
1961-09,0.05
1961-08,0.02
1961-07,-0.03
1961-06,0.12
1961-05,0.13
1961-04,0.15
1961-03,0.09
1961-02,0.18
1961-01,0.07
1960-12,0.18
1960-11,-0.11
1960-10,0.07
1960-09,0.05
1960-08,-0.01
1960-07,-0.02
1960-06,0.01
1960-05,-0.08
1960-04,-0.16
1960-03,-0.36
1960-02,0.14
1960-01,-0.01
1959-12,-0.03
1959-11,-0.09
1959-10,-0.09
1959-09,-0.06
1959-08,-0.01
1959-07,0.06
1959-06,0.02
1959-05,0.06
1959-04,0.16
1959-03,0.19
1959-02,0.09
1959-01,0.06
1958-12,0.01
1958-11,0.02
1958-10,0.04
1958-09,-0.03
1958-08,-0.06
1958-07,0.06
1958-06,-0.05
1958-05,0.08
1958-04,0.01
1958-03,0.1
1958-02,0.24
1958-01,0.39
1957-12,0.16
1957-11,0.07
1957-10,0.01
1957-09,0.06
1957-08,0.14
1957-07,0.01
1957-06,0.16
1957-05,0.08
1957-04,-0.04
1957-03,-0.05
1957-02,-0.05
1957-01,-0.14
1956-12,-0.1
1956-11,-0.17
1956-10,-0.24
1956-09,-0.22
1956-08,-0.25
1956-07,-0.12
1956-06,-0.15
1956-05,-0.28
1956-04,-0.26
1956-03,-0.23
1956-02,-0.25
1956-01,-0.17
1955-12,-0.32
1955-11,-0.28
1955-10,-0.05
1955-09,-0.13
1955-08,0.04
1955-07,-0.09
1955-06,-0.08
1955-05,-0.2
1955-04,-0.23
1955-03,-0.36
1955-02,-0.21
1955-01,0.11
1954-12,-0.18
1954-11,0.08
1954-10,-0.01
1954-09,-0.07
1954-08,-0.13
1954-07,-0.16
1954-06,-0.16
1954-05,-0.2
1954-04,-0.18
1954-03,-0.12
1954-02,-0.1
1954-01,-0.28
1953-12,0.03
1953-11,-0.05
1953-10,0.05
1953-09,0.06
1953-08,0.08
1953-07,0.02
1953-06,0.08
1953-05,0.08
1953-04,0.2
1953-03,0.11
1953-02,0.16
1953-01,0.09
1952-12,-0.02
1952-11,-0.17
1952-10,-0.04
1952-09,0.08
1952-08,0.07
1952-07,0.05
1952-06,-0.04
1952-05,-0.05
1952-04,0.02
1952-03,-0.1
1952-02,0.12
1952-01,0.16
1951-12,0.15
1951-11,0.0
1951-10,0.06
1951-09,0.07
1951-08,0.05
1951-07,0.0
1951-06,-0.05
1951-05,-0.02
1951-04,-0.1
1951-03,-0.19
1951-02,-0.44
1951-01,-0.35
1950-12,-0.2
1950-11,-0.35
1950-10,-0.2
1950-09,-0.1
1950-08,-0.18
1950-07,-0.09
1950-06,-0.06
1950-05,-0.12
1950-04,-0.21
1950-03,-0.06
1950-02,-0.26
1950-01,-0.3
1949-12,-0.19
1949-11,-0.08
1949-10,-0.03
1949-09,-0.08
1949-08,-0.08
1949-07,-0.13
1949-06,-0.22
1949-05,-0.09
1949-04,-0.07
1949-03,-0.01
1949-02,-0.16
1949-01,0.09
1948-12,-0.23
1948-11,-0.08
1948-10,-0.07
1948-09,-0.1
1948-08,-0.1
1948-07,-0.13
1948-06,-0.05
1948-05,0.08
1948-04,-0.09
1948-03,-0.23
1948-02,-0.13
1948-01,0.05
1947-12,-0.18
1947-11,-0.01
1947-10,0.06
1947-09,-0.14
1947-08,-0.08
1947-07,-0.06
1947-06,0.0
1947-05,-0.06
1947-04,0.04
1947-03,0.05
1947-02,-0.08
1947-01,-0.13
1946-12,-0.29
1946-11,-0.02
1946-10,-0.06
1946-09,-0.02
1946-08,-0.08
1946-07,-0.09
1946-06,-0.17
1946-05,-0.04
1946-04,0.11
1946-03,0.0
1946-02,0.06
1946-01,0.15
1945-12,-0.1
1945-11,0.1
1945-10,0.22
1945-09,0.22
1945-08,0.25
1945-07,0.07
1945-06,0.02
1945-05,0.1
1945-04,0.24
1945-03,0.11
1945-02,0.02
1945-01,0.13
1944-12,0.05
1944-11,0.12
1944-10,0.27
1944-09,0.31
1944-08,0.23
1944-07,0.23
1944-06,0.22
1944-05,0.26
1944-04,0.27
1944-03,0.34
1944-02,0.31
1944-01,0.41
1943-12,0.28
1943-11,0.25
1943-10,0.3
1943-09,0.11
1943-08,0.03
1943-07,0.14
1943-06,-0.01
1943-05,0.1
1943-04,0.13
1943-03,0.01
1943-02,0.22
1943-01,-0.01
1942-12,0.12
1942-11,0.13
1942-10,0.06
1942-09,0.0
1942-08,-0.03
1942-07,0.02
1942-06,0.11
1942-05,0.14
1942-04,0.14
1942-03,0.13
1942-02,0.05
1942-01,0.26
1941-12,0.14
1941-11,0.12
1941-10,0.24
1941-09,0.02
1941-08,0.14
1941-07,0.15
1941-06,0.04
1941-05,0.1
1941-04,0.11
1941-03,0.06
1941-02,0.23
1941-01,0.13
1940-12,0.19
1940-11,0.13
1940-10,0.07
1940-09,0.12
1940-08,0.01
1940-07,0.1
1940-06,0.05
1940-05,0.05
1940-04,0.16
1940-03,0.12
1940-02,0.06
1940-01,-0.15
1939-12,0.4
1939-11,0.06
1939-10,-0.03
1939-09,0.0
1939-08,-0.05
1939-07,-0.06
1939-06,-0.08
1939-05,-0.07
1939-04,-0.12
1939-03,-0.2
1939-02,-0.12
1939-01,-0.13
1938-12,-0.26
1938-11,0.01
1938-10,0.11
1938-09,0.03
1938-08,-0.04
1938-07,-0.09
1938-06,-0.17
1938-05,-0.07
1938-04,0.05
1938-03,0.05
1938-02,-0.04
1938-01,0.0
1937-12,-0.12
1937-11,0.09
1937-10,0.1
1937-09,0.14
1937-08,0.03
1937-07,-0.05
1937-06,-0.08
1937-05,-0.07
1937-04,-0.17
1937-03,-0.17
1937-02,0.05
1937-01,-0.11
1936-12,-0.04
1936-11,-0.05
1936-10,-0.04
1936-09,-0.06
1936-08,-0.12
1936-07,-0.06
1936-06,-0.19
1936-05,-0.17
1936-04,-0.2
1936-03,-0.23
1936-02,-0.39
1936-01,-0.29
1935-12,-0.22
1935-11,-0.29
1935-10,-0.08
1935-09,-0.17
1935-08,-0.17
1935-07,-0.19
1935-06,-0.23
1935-05,-0.26
1935-04,-0.35
1935-03,-0.13
1935-02,0.11
1935-01,-0.37
1934-12,-0.09
1934-11,-0.01
1934-10,-0.11
1934-09,-0.16
1934-08,-0.1
1934-07,-0.11
1934-06,-0.14
1934-05,-0.11
1934-04,-0.27
1934-03,-0.31
1934-02,-0.04
1934-01,-0.27
1933-12,-0.47
1933-11,-0.31
1933-10,-0.24
1933-09,-0.26
1933-08,-0.23
1933-07,-0.2
1933-06,-0.32
1933-05,-0.25
1933-04,-0.23
1933-03,-0.29
1933-02,-0.32
1933-01,-0.34
1932-12,-0.22
1932-11,-0.26
1932-10,-0.1
1932-09,-0.11
1932-08,-0.24
1932-07,-0.24
1932-06,-0.3
1932-05,-0.22
1932-04,-0.07
1932-03,-0.2
1932-02,-0.18
1932-01,0.13
1931-12,-0.1
1931-11,-0.12
1931-10,0.0
1931-09,-0.06
1931-08,0.0
1931-07,0.01
1931-06,-0.06
1931-05,-0.22
1931-04,-0.21
1931-03,-0.06
1931-02,-0.22
1931-01,-0.1
1930-12,-0.09
1930-11,0.14
1930-10,-0.08
1930-09,-0.11
1930-08,-0.11
1930-07,-0.17
1930-06,-0.19
1930-05,-0.25
1930-04,-0.26
1930-03,-0.08
1930-02,-0.24
1930-01,-0.29
1929-12,-0.55
1929-11,-0.14
1929-10,-0.15
1929-09,-0.23
1929-08,-0.29
1929-07,-0.33
1929-06,-0.43
1929-05,-0.39
1929-04,-0.4
1929-03,-0.34
1929-02,-0.61
1929-01,-0.47
1928-12,-0.2
1928-11,-0.09
1928-10,-0.19
1928-09,-0.2
1928-08,-0.25
1928-07,-0.21
1928-06,-0.41
1928-05,-0.3
1928-04,-0.29
1928-03,-0.28
1928-02,-0.12
1928-01,-0.04
1927-12,-0.36
1927-11,-0.04
1927-10,-0.01
1927-09,-0.06
1927-08,-0.19
1927-07,-0.15
1927-06,-0.27
1927-05,-0.25
1927-04,-0.31
1927-03,-0.39
1927-02,-0.21
1927-01,-0.28
1926-12,-0.3
1926-11,-0.06
1926-10,-0.11
1926-09,-0.11
1926-08,-0.11
1926-07,-0.21
1926-06,-0.25
1926-05,-0.25
1926-04,-0.15
1926-03,0.12
1926-02,0.07
1926-01,0.2
1925-12,0.11
1925-11,0.03
1925-10,-0.17
1925-09,-0.13
1925-08,-0.19
1925-07,-0.3
1925-06,-0.34
1925-05,-0.3
1925-04,-0.25
1925-03,-0.24
1925-02,-0.35
1925-01,-0.34
1924-12,-0.43
1924-11,-0.23
1924-10,-0.36
1924-09,-0.3
1924-08,-0.35
1924-07,-0.27
1924-06,-0.28
1924-05,-0.19
1924-04,-0.35
1924-03,-0.12
1924-02,-0.27
1924-01,-0.24
1923-12,-0.06
1923-11,0.03
1923-10,-0.13
1923-09,-0.28
1923-08,-0.3
1923-07,-0.29
1923-06,-0.24
1923-05,-0.33
1923-04,-0.38
1923-03,-0.32
1923-02,-0.37
1923-01,-0.27
1922-12,-0.17
1922-11,-0.17
1922-10,-0.33
1922-09,-0.29
1922-08,-0.31
1922-07,-0.27
1922-06,-0.32
1922-05,-0.34
1922-04,-0.22
1922-03,-0.13
1922-02,-0.44
1922-01,-0.34
1921-12,-0.18
1921-11,-0.16
1921-10,-0.06
1921-09,-0.16
1921-08,-0.24
1921-07,-0.16
1921-06,-0.31
1921-05,-0.36
1921-04,-0.36
1921-03,-0.28
1921-02,-0.21
1921-01,-0.04
1920-12,-0.47
1920-11,-0.33
1920-10,-0.29
1920-09,-0.2
1920-08,-0.29
1920-07,-0.32
1920-06,-0.33
1920-05,-0.26
1920-04,-0.26
1920-03,-0.08
1920-02,-0.22
1920-01,-0.15
1919-12,-0.35
1919-11,-0.29
1919-10,-0.16
1919-09,-0.17
1919-08,-0.19
1919-07,-0.21
1919-06,-0.28
1919-05,-0.2
1919-04,-0.17
1919-03,-0.25
1919-02,-0.19
1919-01,-0.21
1918-12,-0.3
1918-11,-0.16
1918-10,-0.03
1918-09,-0.14
1918-08,-0.26
1918-07,-0.22
1918-06,-0.28
1918-05,-0.37
1918-04,-0.4
1918-03,-0.21
1918-02,-0.33
1918-01,-0.44
1917-12,-0.71
1917-11,-0.29
1917-10,-0.35
1917-09,-0.18
1917-08,-0.26
1917-07,-0.23
1917-06,-0.4
1917-05,-0.48
1917-04,-0.38
1917-03,-0.47
1917-02,-0.53
1917-01,-0.46
1916-12,-0.78
1916-11,-0.42
1916-10,-0.28
1916-09,-0.29
1916-08,-0.27
1916-07,-0.34
1916-06,-0.44
1916-05,-0.27
1916-04,-0.25
1916-03,-0.31
1916-02,-0.23
1916-01,-0.2
1915-12,-0.25
1915-11,-0.12
1915-10,-0.22
1915-09,-0.12
1915-08,-0.15
1915-07,-0.03
1915-06,-0.16
1915-05,-0.01
1915-04,0.07
1915-03,-0.08
1915-02,-0.01
1915-01,-0.2
1914-12,-0.1
1914-11,-0.2
1914-10,-0.05
1914-09,-0.13
1914-08,-0.15
1914-07,-0.24
1914-06,-0.22
1914-05,-0.19
1914-04,-0.28
1914-03,-0.23
1914-02,-0.13
1914-01,0.02
1913-12,-0.04
1913-11,-0.18
1913-10,-0.34
1913-09,-0.32
1913-08,-0.32
1913-07,-0.34
1913-06,-0.46
1913-05,-0.45
1913-04,-0.36
1913-03,-0.44
1913-02,-0.44
1913-01,-0.41
1912-12,-0.42
1912-11,-0.38
1912-10,-0.55
1912-09,-0.47
1912-08,-0.51
1912-07,-0.41
1912-06,-0.26
1912-05,-0.2
1912-04,-0.2
1912-03,-0.37
1912-02,-0.13
1912-01,-0.27
1911-12,-0.25
1911-11,-0.2
1911-10,-0.26
1911-09,-0.38
1911-08,-0.43
1911-07,-0.41
1911-06,-0.47
1911-05,-0.51
1911-04,-0.55
1911-03,-0.62
1911-02,-0.6
1911-01,-0.64
1910-12,-0.69
1910-11,-0.56
1910-10,-0.39
1910-09,-0.37
1910-08,-0.34
1910-07,-0.31
1910-06,-0.36
1910-05,-0.34
1910-04,-0.39
1910-03,-0.47
1910-02,-0.43
1910-01,-0.44
1909-12,-0.55
1909-11,-0.31
1909-10,-0.39
1909-09,-0.37
1909-08,-0.3
1909-07,-0.43
1909-06,-0.52
1909-05,-0.54
1909-04,-0.59
1909-03,-0.52
1909-02,-0.47
1909-01,-0.7
1908-12,-0.5
1908-11,-0.51
1908-10,-0.43
1908-09,-0.33
1908-08,-0.45
1908-07,-0.35
1908-06,-0.39
1908-05,-0.4
1908-04,-0.46
1908-03,-0.58
1908-02,-0.36
1908-01,-0.46
1907-12,-0.5
1907-11,-0.51
1907-10,-0.24
1907-09,-0.32
1907-08,-0.37
1907-07,-0.35
1907-06,-0.43
1907-05,-0.46
1907-04,-0.4
1907-03,-0.25
1907-02,-0.53
1907-01,-0.44
1906-12,-0.18
1906-11,-0.38
1906-10,-0.2
1906-09,-0.25
1906-08,-0.19
1906-07,-0.27
1906-06,-0.22
1906-05,-0.21
1906-04,-0.02
1906-03,-0.15
1906-02,-0.34
1906-01,-0.31
1905-12,-0.21
1905-11,-0.08
1905-10,-0.23
1905-09,-0.15
1905-08,-0.21
1905-07,-0.25
1905-06,-0.31
1905-05,-0.33
1905-04,-0.36
1905-03,-0.25
1905-02,-0.59
1905-01,-0.38
1904-12,-0.29
1904-11,-0.16
1904-10,-0.35
1904-09,-0.47
1904-08,-0.43
1904-07,-0.48
1904-06,-0.49
1904-05,-0.5
1904-04,-0.5
1904-03,-0.46
1904-02,-0.55
1904-01,-0.64
1903-12,-0.47
1903-11,-0.38
1903-10,-0.42
1903-09,-0.43
1903-08,-0.44
1903-07,-0.3
1903-06,-0.44
1903-05,-0.41
1903-04,-0.39
1903-03,-0.23
1903-02,-0.06
1903-01,-0.27
1902-12,-0.46
1902-11,-0.36
1902-10,-0.27
1902-09,-0.2
1902-08,-0.28
1902-07,-0.26
1902-06,-0.34
1902-05,-0.31
1902-04,-0.27
1902-03,-0.29
1902-02,-0.03
1902-01,-0.19
1901-12,-0.3
1901-11,-0.17
1901-10,-0.29
1901-09,-0.17
1901-08,-0.13
1901-07,-0.09
1901-06,-0.1
1901-05,-0.18
1901-04,-0.06
1901-03,0.05
1901-02,-0.05
1901-01,-0.3
1900-12,-0.14
1900-11,-0.13
1900-10,0.08
1900-09,0.01
1900-08,-0.04
1900-07,-0.09
1900-06,-0.15
1900-05,-0.06
1900-04,-0.14
1900-03,0.02
1900-02,-0.08
1900-01,-0.4
1899-12,-0.27
1899-11,0.12
1899-10,0.0
1899-09,0.0
1899-08,-0.04
1899-07,-0.13
1899-06,-0.26
1899-05,-0.2
1899-04,-0.21
1899-03,-0.35
1899-02,-0.39
1899-01,-0.18
1898-12,-0.22
1898-11,-0.35
1898-10,-0.32
1898-09,-0.19
1898-08,-0.22
1898-07,-0.22
1898-06,-0.2
1898-05,-0.35
1898-04,-0.33
1898-03,-0.55
1898-02,-0.34
1898-01,-0.06
1897-12,-0.26
1897-11,-0.18
1897-10,-0.1
1897-09,-0.04
1897-08,-0.03
1897-07,-0.04
1897-06,-0.12
1897-05,0.0
1897-04,-0.01
1897-03,-0.12
1897-02,-0.19
1897-01,-0.22
1896-12,-0.12
1896-11,-0.16
1896-10,0.04
1896-09,-0.05
1896-08,-0.09
1896-07,-0.06
1896-06,-0.13
1896-05,-0.19
1896-04,-0.33
1896-03,-0.29
1896-02,-0.15
1896-01,-0.23
1895-12,-0.12
1895-11,-0.15
1895-10,-0.11
1895-09,-0.02
1895-08,-0.16
1895-07,-0.16
1895-06,-0.25
1895-05,-0.23
1895-04,-0.23
1895-03,-0.3
1895-02,-0.42
1895-01,-0.44
1894-12,-0.22
1894-11,-0.25
1894-10,-0.17
1894-09,-0.23
1894-08,-0.29
1894-07,-0.32
1894-06,-0.43
1894-05,-0.3
1894-04,-0.41
1894-03,-0.2
1894-02,-0.31
1894-01,-0.55
1893-12,-0.38
1893-11,-0.17
1893-10,-0.16
1893-09,-0.18
1893-08,-0.24
1893-07,-0.14
1893-06,-0.24
1893-05,-0.35
1893-04,-0.32
1893-03,-0.24
1893-02,-0.51
1893-01,-0.69
1892-12,-0.29
1892-11,-0.49
1892-10,-0.17
1892-09,-0.25
1892-08,-0.2
1892-07,-0.28
1892-06,-0.2
1892-05,-0.25
1892-04,-0.35
1892-03,-0.36
1892-02,-0.15
1892-01,-0.26
1891-12,-0.03
1891-11,-0.37
1891-10,-0.24
1891-09,-0.13
1891-08,-0.21
1891-07,-0.22
1891-06,-0.22
1891-05,-0.17
1891-04,-0.25
1891-03,-0.15
1891-02,-0.49
1891-01,-0.46
1890-12,-0.3
1890-11,-0.37
1890-10,-0.23
1890-09,-0.36
1890-08,-0.36
1890-07,-0.3
1890-06,-0.27
1890-05,-0.48
1890-04,-0.38
1890-03,-0.41
1890-02,-0.48
1890-01,-0.48
1889-12,-0.31
1889-11,-0.32
1889-10,-0.22
1889-09,-0.18
1889-08,-0.18
1889-07,-0.05
1889-06,-0.12
1889-05,-0.03
1889-04,0.04
1889-03,0.04
1889-02,0.14
1889-01,-0.21
1888-12,-0.12
1888-11,0.0
1888-10,0.01
1888-09,-0.07
1888-08,-0.11
1888-07,-0.1
1888-06,-0.2
1888-05,-0.22
1888-04,-0.28
1888-03,-0.47
1888-02,-0.43
1888-01,-0.43
1887-12,-0.38
1887-11,-0.25
1887-10,-0.32
1887-09,-0.19
1887-08,-0.28
1887-07,-0.19
1887-06,-0.21
1887-05,-0.33
1887-04,-0.37
1887-03,-0.32
1887-02,-0.48
1887-01,-0.66
1886-12,-0.25
1886-11,-0.26
1886-10,-0.25
1886-09,-0.19
1886-08,-0.31
1886-07,-0.16
1886-06,-0.39
1886-05,-0.27
1886-04,-0.29
1886-03,-0.41
1886-02,-0.46
1886-01,-0.43
1885-12,-0.07
1885-11,-0.22
1885-10,-0.2
1885-09,-0.19
1885-08,-0.27
1885-07,-0.29
1885-06,-0.5
1885-05,-0.42
1885-04,-0.45
1885-03,-0.24
1885-02,-0.3
1885-01,-0.66
1884-12,-0.3
1884-11,-0.3
1884-10,-0.22
1884-09,-0.24
1884-08,-0.27
1884-07,-0.35
1884-06,-0.38
1884-05,-0.32
1884-04,-0.36
1884-03,-0.36
1884-02,-0.13
1884-01,-0.18
1883-12,-0.19
1883-11,-0.21
1883-10,-0.12
1883-09,-0.19
1883-08,-0.14
1883-07,-0.09
1883-06,-0.13
1883-05,-0.26
1883-04,-0.25
1883-03,-0.18
1883-02,-0.42
1883-01,-0.34
1882-12,-0.25
1882-11,-0.21
1882-10,-0.23
1882-09,-0.01
1882-08,0.03
1882-07,-0.11
1882-06,-0.25
1882-05,-0.18
1882-04,-0.2
1882-03,0.01
1882-02,0.08
1882-01,0.09
1881-12,-0.16
1881-11,-0.26
1881-10,-0.2
1881-09,-0.09
1881-08,-0.03
1881-07,-0.07
1881-06,-0.28
1881-05,-0.04
1881-04,-0.03
1881-03,0.01
1881-02,-0.14
1881-01,-0.1
1880-12,-0.22
1880-11,-0.19
1880-10,-0.16
1880-09,-0.17
1880-08,-0.08
1880-07,-0.24
1880-06,-0.29
1880-05,-0.14
1880-04,-0.27
1880-03,-0.18
1880-02,-0.21
1880-01,-0.3
2017-01,1.0
2017-02,1.03
2017-03,1.06
2017-04,1.09
2017-05,1.12
2017-06,1.15
2017-07,1.18
2017-08,1.21
2017-09,1.24
2017-10,1.27
2017-11,1.3
2017-12,1.33
2018-01,1.36
2018-02,1.39
2018-03,1.42
2018-04,1.45
2018-05,1.48
2018-06,1.51
2018-07,1.54
2018-08,1.57
2018-09,1.6
2018-10,1.63
2018-11,1.66
2018-12,1.69
2019-01,1.72
2019-02,1.75
2019-03,1.78
2019-04,1.81
2019-05,1.84
2019-06,1.87
2019-07,1.9
2019-08,1.93
2019-09,1.96
2019-10,1.99
2019-11,2.02
2019-12,2.05
2020-01,2.08
2020-02,2.11
2020-03,2.14
2020-04,2.17
2020-05,2.2
2020-06,2.23
2020-07,2.26
2020-08,2.29
2020-09,2.32
2020-10,2.35
2020-11,2.38
2020-12,2.41
2021-01,2.44
2021-02,2.47
2021-03,2.5
2021-04,2.53
2021-05,2.56
2021-06,2.59
2021-07,2.62
2021-08,2.65
2021-09,2.68
2021-10,2.71
2021-11,2.74
2021-12,2.77
